,title,total_price,distanece,year,URL
0,ホンダＣＢ１１００ ２０１０年モデル オーリンズリアサス カーボンサイドカバー エンジンガード搭載,78.2,走行距離 ： 34650Km,年式 ：2010年,https://www.goobike.com/spread/8900327B30210808003/index.html
1,ホンダＣＢ１１００ ＡＢＳ ＥＴＣ ＵＳＢ電源 無限マフラー,86.5,走行距離 ： 4687Km,年式 ：2010年,https://www.goobike.com/spread/8500368B30210808002/index.html
2,ホンダＣＢ１１００ ２０１０モデル,74.14,走行距離 ： 2633Km,年式 ：2010年,https://www.goobike.com/spread/8502475B30210808001/index.html
3,ホンダＣＢ１１００ ＥＴＣ付,65.3,走行距離 ： 23752Km,年式 ：2010年,https://www.goobike.com/spread/8300011B30210808006/index.html
4,ホンダＣＢ１１００ＢＬＡＣＫ ＳＴＹＬＥ,116.14,走行距離 ： 3544Km,年式 ：2012年,https://www.goobike.com/spread/8502825B30210807007/index.html
5,ホンダＣＢ１１００ＥＸ,75.46,走行距離 ： 52833Km,年式 ：2014年,https://www.goobike.com/spread/8700159B30210807001/index.html
6,ホンダＣＢ１１００ＲＳ,148.26,走行距離 ： 3253Km,年式 ：2019年,https://www.goobike.com/spread/8502825B30210807006/index.html
7,ホンダＣＢ１１００ ２０１０年モデル・防犯アラーム装備,83.2,走行距離 ： 5923Km,年式 ：2010年,https://www.goobike.com/spread/8500165B30210806002/index.html
8,ホンダＣＢ１１００ＥＸ Ｅパッケージ,138.3,走行距離 ： 8360Km,年式 ：2018年,https://www.goobike.com/spread/8503317B30210804006/index.html
9,ホンダＣＢ１１００ＥＸ,113,走行距離 ： 5900Km,年式 ：2019年,https://www.goobike.com/spread/8800300B30210806001/index.html
10,ホンダＣＢ１１００ＥＸ,110.95,走行距離 ： 1274Km,年式 ：2017年,https://www.goobike.com/spread/8200086B30210805001/index.html
11,ホンダＣＢ１１００ＥＸ,141.7,走行距離 ： —,年式 ：新車(展示車あり),https://www.goobike.com/spread/8300565B30210805002/index.html
12,ホンダＣＢ１１００ ＡＢＳ,88.2,走行距離 ： 7947Km,年式 ：2011年,https://www.goobike.com/spread/8503364B30210725002/index.html
13,ホンダＣＢ１１００ ２０１０年モデル,83.19,走行距離 ： 16319Km,年式 ：2010年,https://www.goobike.com/spread/8503286B30210804001/index.html
14,ホンダＣＢ１１００ＲＳ,135.8,走行距離 ： 8406Km,年式 ：2017年,https://www.goobike.com/spread/8500222B30210728004/index.html
15,ホンダＣＢ１１００ＲＳ ２０１９年モデル モリワキエンジンスライダー付き フルノーマル車,156.2,走行距離 ： 4180Km,年式 ：2019年,https://www.goobike.com/spread/8900327B30210803002/index.html
16,ホンダＣＢ１１００ＲＳ,113.49,走行距離 ： 19145Km,年式 ：2017年,https://www.goobike.com/spread/8700496B30210802001/index.html
17,ホンダＣＢ１１００ リアボックス付き,69.34,走行距離 ： 18859Km,年式 ：2010年,https://www.goobike.com/spread/8503402B30210802005/index.html
18,ホンダＣＢ１１００ＲＳ,136.64,走行距離 ： 23475Km,年式 ：2018年,https://www.goobike.com/spread/8503402B30210802001/index.html
19,ホンダＣＢ１１００ＥＸ エンジンガード／リアキャリア／グリップヒーター装備,92.8,走行距離 ： 25488Km,年式 ：2014年,https://www.goobike.com/spread/8201276B30210801001/index.html
20,ホンダＣＢ１１００,96.5,走行距離 ： 12727Km,年式 ：2014年,https://www.goobike.com/spread/8400750B30210802001/index.html
21,ホンダＣＢ１１００ＡＢＳ 車検対応マフラー,93.1,走行距離 ： 20786Km,年式 ：2010年,https://www.goobike.com/spread/8900176B30210802001/index.html
22,ホンダＣＢ１１００ＲＳ,170.56,走行距離 ： 3729Km,年式 ：2020年,https://www.goobike.com/spread/8700159B30210801001/index.html
23,ホンダＣＢ１１００ＲＳ,128.2,走行距離 ： 8171Km,年式 ：2017年,https://www.goobike.com/spread/8900134B30210725001/index.html
24,ホンダＣＢ１１００ 車検対応ワイバンマフラー ＥＴＣ グリップヒーター他,74.3,走行距離 ： 39601Km,年式 ：2010年,https://www.goobike.com/spread/8502105B30210723001/index.html
25,ホンダＣＢ１１００ＲＳ ワイバンクラシックチタンシングルメガホン スクリーン,155.3,走行距離 ： 3194Km,年式 ：2020年,https://www.goobike.com/spread/8503290B30210730001/index.html
26,ホンダＣＢ１１００ＥＸ,111,走行距離 ： 12199Km,年式 ：2014年,https://www.goobike.com/spread/8400746B30210728003/index.html
27,ホンダＣＢ１１００ＥＸ ＡＢＳ ＥＴＣ２．０車載器 グリップヒーター,141.22,走行距離 ： —,年式 ：新車(展示車あり),https://www.goobike.com/spread/8300566B30210728002/index.html
28,ホンダＣＢ１１００ ワンオーナー モリワキフルエキ装備,99.6,走行距離 ： 7318Km,年式 ：2012年,https://www.goobike.com/spread/8400892B30210725005/index.html
29,ホンダＣＢ１１００ＥＸ,141.4,走行距離 ： —,年式 ：新車(展示車あり),https://www.goobike.com/spread/8300158B30210723002/index.html
30,ホンダＣＢ１１００ＢｌａｃｋＳｔｙｌｅ ２０１２年モデル 無限フルエキマフラー,79.95,走行距離 ： 32559Km,年式 ：2012年,https://www.goobike.com/spread/8300543B30210726001/index.html
31,ホンダＣＢ１１００ Ｔｙｐｅ２ ＡＢＳ 無限メガホン２本出しマフラー ホンダドリーム優良認定中古車,80.47,走行距離 ： 16295Km,年式 ：2010年,https://www.goobike.com/spread/8800631B30210725002/index.html
32,ホンダＣＢ１１００ ＡＢＳ サイドバッグサポート エンジンスライダー装備,81.6,走行距離 ： 22025Km,年式 ：2012年,https://www.goobike.com/spread/8502875B30210719001/index.html
33,ホンダＣＢ１１００ＥＸ Ｅパッケージ・トリプルパニア仕様,121.8,走行距離 ： 10065Km,年式 ：2015年,https://www.goobike.com/spread/8503381B30210712001/index.html
34,ホンダＣＢ１１００ＲＳ,96.7,走行距離 ： 48828Km,年式 ：2017年,https://www.goobike.com/spread/8200274B30210717002/index.html
35,ホンダＣＢ１１００ ＡＢＳ グリップヒーター ＬＥＤヘッド フルノーマル,84.86,走行距離 ： 16001Km,年式 ：2010年,https://www.goobike.com/spread/8201155B30210715001/index.html
36,ホンダＣＢ１１００Ｒ,399,走行距離 ： 41433Km,年式 ：1983年,https://www.goobike.com/spread/8710044B30210715001/index.html
37,ホンダＣＢ１１００,71.42,走行距離 ： 32230Km,年式 ：2012年,https://www.goobike.com/spread/8502055B30210714001/index.html
38,ホンダＣＢ１１００ ＡＢＳ ２０１１年モデル ビキニカウル モリワキマフラー,97.3,走行距離 ： 16141Km,年式 ：2011年,https://www.goobike.com/spread/8201625B30210710007/index.html
39,ホンダＣＢ１１００,84.8,走行距離 ： 13340Km,年式 ：2014年,https://www.goobike.com/spread/8201480B30210711001/index.html
40,ホンダＣＢ１１００ＡＢＳ ＥＴＣ スライダー ビキニカウル,83.83,走行距離 ： 11692Km,年式 ：2010年,https://www.goobike.com/spread/8502560B30210711001/index.html
41,ホンダＣＢ１１００ フルノーマル ナビ,82,走行距離 ： 8280Km,年式 ：2010年,https://www.goobike.com/spread/8201644B30210710001/index.html
42,ホンダＣＢ１１００ＲＳ １オーナー車両 ドリーム優良認定中古車,117,走行距離 ： 12380Km,年式 ：2018年,https://www.goobike.com/spread/8201187B30210706001/index.html
43,ホンダＣＢ１１００ＥＸ,142.43,走行距離 ： —,年式 ：新車(展示車あり),https://www.goobike.com/spread/8200086B30210702001/index.html
44,ホンダＣＢ１１００ ＡＢＳ ビキニカウル クラシックシート キャリア グリップヒーター ＥＴＣ ナビゲーション,85.4,走行距離 ： 34946Km,年式 ：2012年,https://www.goobike.com/spread/8700159B30210702002/index.html
45,ホンダＣＢ１１００ＥＸ Ｅパッケージ グリップヒーターＥＴＣ標準装備,134.5,走行距離 ： 7755Km,年式 ：2016年,https://www.goobike.com/spread/8700159B30210702001/index.html
46,ホンダＣＢ１１００ＥＸ モリワキフルエキ ＥＴＣ カスタム多数,138.4,走行距離 ： 12572Km,年式 ：2016年,https://www.goobike.com/spread/8501910B30210628004/index.html
47,ホンダＣＢ１１００ ワイバンマフラー ゲイルスピード,117,走行距離 ： 8094Km,年式 ：2014年,https://www.goobike.com/spread/8500434B30210625001/index.html
48,ホンダＣＢ１１００ Ｔｙｐｅ ＩＩ,75,走行距離 ： 26778Km,年式 ：2010年,https://www.goobike.com/spread/8300576B30210623001/index.html
49,ホンダＣＢ１１００ＲＤ ＵＳヨシムラ製フルエキマフラー ３．５インチワイドホイール,620,走行距離 ： 走行距離疑義車,年式 ：1999年,https://www.goobike.com/spread/8501700B30210623004/index.html
50,ホンダＣＢ１１００ ＡＢＳ グリップヒーター エンジンガード サイドバッグサポート,69.2,走行距離 ： 19817Km,年式 ：2010年,https://www.goobike.com/spread/8701736B30210621001/index.html
51,ホンダＣＢ１１００ ＳＣ６５ ５速ミッション,73.3,走行距離 ： 17888Km,年式 ：2010年,https://www.goobike.com/spread/8702438B30210620002/index.html
52,ホンダＣＢ１１００ ＭＡＧＴＡＮホイール 無限２本出しマフラー スライダー 他カスタム多数 ２０１０年モデル,112.8,走行距離 ： 32038Km,年式 ：2010年,https://www.goobike.com/spread/8201688B30210618004/index.html
53,ホンダＣＢ１１００ＲＳ Ｅパッケージ,120.8,走行距離 ： 14347Km,年式 ：2017年,https://www.goobike.com/spread/8300297B30210618001/index.html
54,ホンダＣＢ１１００,77,走行距離 ： 23396Km,年式 ：2012年,https://www.goobike.com/spread/8710032B30210617004/index.html
55,ホンダＣＢ１１００ＥＸ,77.7,走行距離 ： 42539Km,年式 ：2014年,https://www.goobike.com/spread/8702391B30210617005/index.html
56,ホンダＣＢ１１００ＥＸ,141.9,走行距離 ： —,年式 ：新車(展示車あり),https://www.goobike.com/spread/8201179B30210614001/index.html
57,ホンダＣＢ１３００Ｓｕｐｅｒ Ｆｏｕｒ ４５０台限定モデル,56.07,走行距離 ： 64614Km,年式 ：2002年,https://www.goobike.com/spread/8702490B30210614005/index.html
58,ホンダＣＢ１１００Ｆフルカスタム ＦＣＲ マービックワイド ロビーモトセパハン ＣＢ７５０Ｆ外装 レイダウン オーリンズフルアジャスター,248,走行距離 ： 20000Km,年式 ：1983年,https://www.goobike.com/spread/8201752B30210613001/index.html
59,ホンダＣＢ１１００ Ｋ０カラーＭＵＧＥＮカスタム,98.91,走行距離 ： 12410Km,年式 ：2011年,https://www.goobike.com/spread/8503322B30210605007/index.html
60,ホンダＣＢ１１００ＥＸ,141.35,走行距離 ： —,年式 ：新車,https://www.goobike.com/spread/8201717B30210604004/index.html
61,ホンダＣＢ１１００ＥＸ,142.18,走行距離 ： —,年式 ：新車(展示車あり),https://www.goobike.com/spread/8201179B30210531001/index.html
62,ホンダＣＢ１１００ＲＳ,104.26,走行距離 ： 29836Km,年式 ：2017年,https://www.goobike.com/spread/8201071B30210514001/index.html
63,ホンダＣＢ１１００Ｒ Ｄ型,462.48,走行距離 ： 46666Km,年式 ：1983年,https://www.goobike.com/spread/8503129B30210520001/index.html
64,ホンダＣＢ１１００ モリワキマフラー エンジンガード ＥＴＣ,95.17,走行距離 ： 10399Km,年式 ：2014年,https://www.goobike.com/spread/8300590B30210514001/index.html
65,ホンダＣＢ１１００ ＥＴＣ グリップヒーター 小傷 ＳＣ６５ ２０１９ グーバイク鑑定車,121.12,走行距離 ： 4727Km,年式 ：2019年,https://www.goobike.com/spread/8800585B30210513001/index.html
66,ホンダＣＢ１１００Ｒ,451.8,走行距離 ： 26568Km,年式 ：1982年,https://www.goobike.com/spread/8400938B30210508004/index.html
67,ホンダＣＢ１１００ＲＳ,124.41,走行距離 ： 14825Km,年式 ：2017年,https://www.goobike.com/spread/8201150B30210507002/index.html
68,ホンダＣＢ１１００ＲＳ,125,走行距離 ： 4018Km,年式 ：2017年,https://www.goobike.com/spread/6310032B30210507003/index.html
69,ホンダＣＢ１１００ ＡＢＳ,70.78,走行距離 ： 12345Km,年式 ：2011年,https://www.goobike.com/spread/8500507B30210423002/index.html
70,ホンダＣＢ１１００ ＡＢＳ ＥＴＣ グリップヒーター リアボックス ＵＳＢ電源,68.5,走行距離 ： 33944Km,年式 ：2010年,https://www.goobike.com/spread/8502396B30210416002/index.html
71,ホンダＣＢ１１００ＲＳ,121.64,走行距離 ： 26055Km,年式 ：2017年,https://www.goobike.com/spread/8700201B30210409001/index.html
72,ホンダＣＢ１１００Ｆ,189.8,走行距離 ： 39625Km,年式 ：1984年,https://www.goobike.com/spread/8702423B30210409002/index.html
73,ホンダＣＢ１１００,64.9,走行距離 ： 47983Km,年式 ：2010年,https://www.goobike.com/spread/8801151B30210406002/index.html
74,ホンダモンキーＣＢ１１００Ｒ限定車,86.5,走行距離 ： 4Km,年式 ：—,https://www.goobike.com/spread/8701009B30210408002/index.html
75,ホンダＣＢ１１００Ｆ イタリアＭＯＤＥＬ ライトカスタム,291,走行距離 ： 走行距離疑義車,年式 ：1983年,https://www.goobike.com/spread/8502005B30210403003/index.html
76,ホンダＣＢ１１００ＥＸ ２０１９年モデル ＡＢＳ ＥＴＣ グリップヒーター スペアキーあり,118.3,走行距離 ： 3824Km,年式 ：2019年,https://www.goobike.com/spread/8300246B30210227003/index.html
77,ホンダＣＢ１１００ＲＳ リアキャリア装備 ＥＴＣ グリップヒーター標準装備,116.4,走行距離 ： 16746Km,年式 ：2017年,https://www.goobike.com/spread/8702467B30210327003/index.html
78,ホンダＣＢ１１００ＲＳ ＡＢＳ ＥＴＣ標準装備 グリップヒーター標準装備 ＬＥＤヘッドライト,107.2,走行距離 ： 14345Km,年式 ：2017年,https://www.goobike.com/spread/8300528B30210325002/index.html
79,ホンダＣＢ１１００ＲＳ ＡＢＳ装備 ＥＴＣグリップヒーター装備 グーバイク鑑定車,136.6,走行距離 ： 2224Km,年式 ：2018年,https://www.goobike.com/spread/8801287B30210315009/index.html
80,ホンダＣＢ１１００Ｒ,--,走行距離 ： 走行距離疑義車,年式 ：1983年,https://www.goobike.com/spread/8201669B30210309003/index.html
81,ホンダＣＢ１１００,78.51,走行距離 ： 28393Km,年式 ：2012年,https://www.goobike.com/spread/8500222B30210301003/index.html
82,ホンダＣＢ１１００Ｒ カスタム多数,850,走行距離 ： 22463Km,年式 ：1983年,https://www.goobike.com/spread/8503394B30210208001/index.html
83,ホンダＣＢ１１００,66.41,走行距離 ： 35563Km,年式 ：2010年,https://www.goobike.com/spread/8801109B30210129001/index.html
84,ホンダＣＢ１１００ＡＢＳ １０年,65,走行距離 ： 27931Km,年式 ：2010年,https://www.goobike.com/spread/8700666B30201127012/index.html
85,ホンダＣＢ１１００ モリワキマフラー カスタム,76,走行距離 ： 24447Km,年式 ：2010年,https://www.goobike.com/spread/8201731B30201125001/index.html
86,ホンダＣＢ１１００Ｒ,478.5,走行距離 ： 減算歴車,年式 ：年式不明,https://www.goobike.com/spread/8503444B30201107008/index.html
87,ホンダＣＢ１１００ ＡＢＳ付き ２０１３ｙ ホワイト,66.8,走行距離 ： 53780Km,年式 ：2013年,https://www.goobike.com/spread/8700176B30200926001/index.html
88,ホンダＣＢ１１００,74,走行距離 ： 21608Km,年式 ：2012年,https://www.goobike.com/spread/8800224B30200924003/index.html
89,ホンダＣＢ１１００ＥＸ,141.53,走行距離 ： —,年式 ：新車(展示車あり),https://www.goobike.com/spread/8300148B30200904004/index.html
90,ホンダＣＢ１１００ タックロールシート,64.7,走行距離 ： 42216Km,年式 ：2010年,https://www.goobike.com/spread/8801187B30200812002/index.html
91,ホンダＣＢ１１００Ｒ,680,走行距離 ： 22000Km,年式 ：1981年,https://www.goobike.com/spread/8400877B30200801001/index.html
92,ホンダＣＢ１１００Ｒ 最終型ＲＤ １オーナー車,--,走行距離 ： 走行距離疑義車,年式 ：1983年,https://www.goobike.com/spread/8502005B30200702002/index.html
93,ホンダＣＢ１１００ＲＳ,146.11,走行距離 ： —,年式 ：新車,https://www.goobike.com/spread/8300566B30200711004/index.html
94,ホンダＣＢ１１００ＥＸ,195,走行距離 ： 走行距離疑義車,年式 ：2018年,https://www.goobike.com/spread/8201539B30200511001/index.html
95,ホンダＣＢ１１００Ｒ ＲＣ ウオタニＳＰ２ ヨシムラサイクロン オリジナルペイント,448,走行距離 ： 減算歴車,年式 ：1982年,https://www.goobike.com/spread/8201752B30200506002/index.html
96,ホンダＣＢ１１００ＲＳ ２０１８ ＥＵＲ,141.21,走行距離 ： —,年式 ：新車,https://www.goobike.com/spread/8300201B30200305013/index.html
97,ホンダＣＢ１１００ バッテリー新品,76.8,走行距離 ： 21386Km,年式 ：2010年,https://www.goobike.com/spread/8702075B30200228001/index.html
98,ホンダＣＢ１１００ＥＸ,142.23,走行距離 ： —,年式 ：新車(展示車あり),https://www.goobike.com/spread/8201326B30200225002/index.html
99,ホンダＣＢ１１００ＲＣ フルカスタム サンスターフルキット ブレンボ ＯＶＥＲ ＦＣＲ,698,走行距離 ： 減算歴車,年式 ：1982年,https://www.goobike.com/spread/8201752B30200224001/index.html
100,ホンダＣＢ１１００ＲＤ フルノーマル車,--,走行距離 ： 走行距離疑義車,年式 ：1983年,https://www.goobike.com/spread/8502005B30191226004/index.html
101,ホンダＣＢ１１００ＲＤ,--,走行距離 ： 走行距離疑義車,年式 ：1983年,https://www.goobike.com/spread/8720014B30191121004/index.html
102,ホンダＣＢ１１００Ｒ,333,走行距離 ： 走行距離疑義車,年式 ：1981年,https://www.goobike.com/spread/8501659B30191020001/index.html
103,ホンダＣＢ１１００Ｒ ＲＤ レストア車両,742.8,走行距離 ： 5321Km,年式 ：1983年,https://www.goobike.com/spread/8201743B30190830025/index.html
104,ホンダＣＢ１１００ＥＸ,63.8,走行距離 ： 30516Km,年式 ：年式不明,https://www.goobike.com/spread/6310132B30190825003/index.html
105,ホンダＣＢ１１００ＲＣ,511.8,走行距離 ： 39568Km,年式 ：1999年,https://www.goobike.com/spread/8400938B30190522003/index.html
106,ホンダＣＢ１１００ＲＣ,468,走行距離 ： 走行距離疑義車,年式 ：1982年,https://www.goobike.com/spread/8200600B30190505001/index.html
107,ホンダモンキー改 フルカスタム ＣＢ１１００Ｆ仕様,101.8,走行距離 ： 減算歴車,年式 ：—,https://www.goobike.com/spread/8701289B30181025002/index.html
108,ホンダＣＢ１１００Ｆフルチューニング,254,走行距離 ： 32455Km,年式 ：1988年,https://www.goobike.com/spread/8701289B30181025001/index.html
109,ホンダＣＢ１１００Ｒ ＲＢ２ フルノーマル車,--,走行距離 ： 走行距離疑義車,年式 ：1981年,https://www.goobike.com/spread/8502005B30171128001/index.html
110,ホンダＣＢ１１００ＲＢ １９８１年式 レストア済み,--,走行距離 ： 326Km,年式 ：1981年,https://www.goobike.com/spread/8201482B30160204002/index.html
111,ホンダＣＢ１１００ ＡＢＳ ギャングカスタムフルコンプ,117,走行距離 ： 5490Km,年式 ：2010年,https://www.goobike.com/spread/8701310B30131129001/index.html
